,InvoiceDate,InvoiceNo,ProductID,Quantity,UnitPrice,CustomerSex,CustomerAge,CustomerID
0,2022-09-26 12:36:44,1,B,3,50,Male,32,Customer080
1,2022-07-06 06:41:18,2,A,3,50,Female,40,Customer036
2,2022-09-27 23:57:30,3,B,3,100,Female,12,Customer028
3,2022-11-07 20:42:47,4,A,6,100,Female,30,Customer093
4,2022-09-02 00:03:08,5,A,3,100,Female,35,Customer047
5,2022-06-04 02:38:12,6,B,3,50,Female,45,Customer076
6,2022-01-26 20:41:29,7,C,1,30,Male,51,Customer030
7,2022-11-06 10:37:10,8,A,6,30,Male,46,Customer023
8,2022-06-18 19:43:06,9,B,3,100,Female,31,Customer016
9,2022-11-01 10:04:58,10,A,3,100,Male,51,Customer014
10,2022-12-05 02:05:11,11,A,1,100,Female,21,Customer074
11,2022-10-05 13:30:28,12,B,6,100,Female,51,Customer071
12,2022-04-22 10:35:19,13,A,6,50,Female,22,Customer052
13,2022-09-03 22:41:27,14,B,3,30,Female,20,Customer037
14,2022-05-02 20:07:30,15,B,3,100,Female,25,Customer029
15,2022-09-04 12:54:45,16,B,6,50,Male,17,Customer067
16,2022-03-27 16:54:12,17,A,6,100,Male,49,Customer015
17,2022-02-27 15:45:05,18,C,3,100,Female,49,Customer100
18,2022-06-11 11:56:07,19,A,6,30,Male,54,Customer047
19,2022-08-03 15:08:27,20,A,6,100,Female,11,Customer046
20,2022-02-22 07:56:13,21,A,3,30,Male,39,Customer052
21,2022-03-11 16:11:17,22,A,6,30,Female,39,Customer019
22,2022-02-08 17:06:09,23,A,6,30,Male,21,Customer077
23,2022-04-17 06:05:51,24,B,6,50,Female,19,Customer021
24,2022-01-02 04:42:35,25,B,3,50,Female,53,Customer064
25,2022-07-04 18:33:56,26,B,3,30,Male,20,Customer037
26,2022-01-15 14:45:52,27,A,6,100,Male,24,Customer027
27,2022-04-24 05:57:13,28,C,6,30,Female,25,Customer055
28,2022-03-07 13:33:09,29,A,6,100,Male,26,Customer029
29,2022-12-18 06:26:04,30,A,6,30,Female,35,Customer020
30,2022-04-23 05:19:39,31,B,6,100,Male,11,Customer025
31,2022-04-18 16:54:08,32,B,6,50,Male,59,Customer070
32,2022-03-08 11:17:46,33,A,3,100,Female,21,Customer063
33,2022-05-04 04:14:50,34,C,3,30,Male,60,Customer036
34,2022-03-12 18:16:30,35,B,6,50,Male,35,Customer002
35,2022-11-29 03:10:33,36,A,3,100,Female,32,Customer022
36,2022-06-03 05:08:43,37,A,6,100,Male,27,Customer096
37,2022-09-06 19:49:15,38,C,3,100,Female,41,Customer016
38,2022-12-14 07:37:51,39,A,1,100,Female,58,Customer018
39,2022-11-05 15:26:06,40,B,3,100,Female,47,Customer069
40,2022-05-27 09:30:37,41,B,6,50,Female,56,Customer054
41,2022-08-21 02:15:25,42,B,6,50,Female,12,Customer100
42,2022-07-15 03:51:10,43,A,3,50,Male,47,Customer030
43,2022-03-01 13:53:01,44,B,6,50,Female,12,Customer045
44,2022-08-05 19:12:50,45,A,6,30,Female,39,Customer019
45,2022-11-16 05:40:06,46,C,6,50,Male,10,Customer087
46,2022-11-28 11:41:39,47,A,3,100,Male,39,Customer034
47,2022-11-18 23:26:55,48,C,6,100,Male,54,Customer013
48,2022-10-17 13:58:16,49,A,6,50,Female,41,Customer043
49,2022-01-29 02:33:08,50,A,3,100,Female,37,Customer062
50,2022-10-25 09:13:22,51,C,3,50,Female,30,Customer093
51,2022-01-31 19:44:06,52,B,6,100,Male,55,Customer100
52,2022-11-18 05:01:08,53,C,6,30,Female,22,Customer022
53,2022-09-15 20:02:16,54,A,1,30,Male,36,Customer052
54,2022-05-07 20:10:14,55,C,6,50,Female,45,Customer052
55,2022-09-29 01:02:09,56,B,6,50,Male,16,Customer036
56,2022-06-27 14:47:31,57,A,6,50,Female,31,Customer073
57,2022-08-22 17:24:40,58,A,6,100,Female,19,Customer019
58,2022-08-22 08:47:55,59,C,6,50,Female,48,Customer038
59,2022-02-09 04:22:37,60,C,6,30,Male,24,Customer070
60,2022-07-04 10:01:21,61,A,3,100,Male,24,Customer079
61,2022-05-10 10:42:01,62,B,3,50,Female,13,Customer057
62,2022-01-17 23:08:09,63,A,6,100,Female,41,Customer020
63,2022-07-14 23:16:04,64,C,6,100,Female,32,Customer009
64,2022-08-04 07:28:01,65,C,3,50,Male,15,Customer032
65,2022-08-14 23:01:39,66,A,6,100,Female,33,Customer004
66,2022-11-27 14:19:07,67,C,6,30,Female,29,Customer050
67,2022-05-12 20:32:46,68,B,6,30,Female,46,Customer082
68,2022-06-27 18:21:47,69,B,6,100,Female,29,Customer005
69,2022-08-30 03:08:54,70,C,6,50,Male,21,Customer020
70,2022-01-31 21:39:55,71,C,3,100,Male,42,Customer087
71,2022-05-29 14:30:20,72,B,3,30,Female,37,Customer075
72,2022-09-10 00:38:31,73,B,3,100,Female,17,Customer037
73,2022-06-06 00:24:14,74,B,3,100,Male,10,Customer022
74,2022-03-16 01:13:06,75,C,6,30,Male,46,Customer058
75,2022-06-02 15:07:57,76,A,6,100,Female,31,Customer068
76,2022-01-22 15:42:08,77,A,1,100,Male,15,Customer093
77,2022-02-18 02:14:59,78,C,6,50,Male,30,Customer044
78,2022-05-07 16:34:57,79,C,3,50,Female,41,Customer034
79,2022-11-08 19:07:19,80,A,6,30,Male,44,Customer077
80,2022-09-24 12:24:35,81,A,6,30,Male,24,Customer042
81,2022-12-16 03:26:57,82,B,3,30,Female,14,Customer009
82,2022-06-13 02:14:21,83,B,6,50,Female,55,Customer095
83,2022-08-09 20:43:49,84,B,1,30,Male,59,Customer007
84,2022-08-28 10:30:13,85,B,6,30,Female,57,Customer068
85,2022-09-16 12:13:55,86,A,6,30,Male,15,Customer019
86,2022-09-14 20:25:25,87,A,3,50,Female,34,Customer094
87,2022-01-04 03:30:36,88,A,6,100,Male,55,Customer031
88,2022-02-11 11:45:02,89,B,3,30,Female,49,Customer035
89,2022-11-12 12:35:29,90,B,3,100,Male,38,Customer057
90,2022-03-26 06:36:09,91,C,6,30,Male,16,Customer085
91,2022-08-09 19:04:11,92,C,3,100,Male,49,Customer061
92,2022-04-10 08:49:37,93,B,6,50,Female,22,Customer031
93,2022-08-13 22:48:41,94,B,6,50,Female,47,Customer083
94,2022-07-28 21:35:57,95,C,6,30,Male,27,Customer095
95,2022-08-26 19:22:11,96,C,3,100,Male,11,Customer053
96,2022-07-26 07:06:53,97,C,6,50,Female,17,Customer032
97,2022-02-05 06:27:42,98,A,6,30,Female,20,Customer066
98,2022-11-06 14:37:02,99,C,3,30,Female,42,Customer059
99,2022-05-08 00:13:59,100,B,6,50,Female,47,Customer010
100,2022-01-07 12:51:25,101,B,6,50,Female,57,Customer002
101,2022-02-03 07:46:30,102,A,6,30,Female,36,Customer066
102,2022-09-16 22:53:47,103,B,6,100,Male,29,Customer060
103,2022-11-03 10:52:40,104,B,6,100,Female,21,Customer088
104,2022-01-12 15:48:13,105,A,6,100,Male,52,Customer017
105,2022-09-07 10:29:59,106,C,6,30,Female,40,Customer096
106,2022-02-08 23:10:12,107,A,6,50,Female,36,Customer016
107,2022-10-19 12:57:51,108,B,3,30,Male,41,Customer016
108,2022-09-13 03:26:36,109,C,3,50,Male,19,Customer046
109,2022-10-12 13:02:09,110,B,6,100,Female,12,Customer039
110,2022-02-01 07:10:38,111,A,1,100,Male,54,Customer031
111,2022-01-31 10:45:08,112,A,6,50,Male,36,Customer088
112,2022-02-10 10:44:39,113,B,3,50,Male,44,Customer001
113,2022-09-16 00:53:45,114,B,3,30,Male,40,Customer011
114,2022-08-03 15:20:56,115,A,6,100,Female,24,Customer085
115,2022-09-30 00:03:07,116,A,6,30,Male,25,Customer004
116,2022-06-30 15:02:19,117,C,3,30,Female,22,Customer071
117,2022-05-08 08:12:28,118,A,6,30,Female,58,Customer026
118,2022-01-15 20:59:20,119,B,6,100,Female,44,Customer050
119,2022-12-25 11:03:56,120,C,3,30,Female,20,Customer012
120,2022-09-22 13:22:22,121,B,6,30,Male,30,Customer095
121,2022-03-01 20:57:16,122,B,3,30,Male,60,Customer081
122,2022-07-30 16:18:08,123,B,3,30,Female,20,Customer097
123,2022-01-01 13:36:24,124,B,6,30,Female,39,Customer075
124,2022-05-05 20:51:18,125,B,3,30,Female,57,Customer092
125,2022-03-17 21:09:28,126,B,6,100,Female,44,Customer096
126,2022-11-26 01:41:43,127,C,6,30,Male,31,Customer065
127,2022-07-31 14:13:20,128,B,1,50,Female,47,Customer047
128,2022-06-19 04:09:15,129,C,6,30,Male,40,Customer092
129,2022-08-09 00:02:15,130,A,6,30,Female,23,Customer053
130,2022-10-02 12:08:55,131,C,3,100,Female,33,Customer071
131,2022-11-08 13:12:30,132,B,6,100,Female,59,Customer002
132,2022-05-28 05:07:22,133,A,6,50,Female,58,Customer024
133,2022-06-25 11:20:18,134,A,6,50,Male,41,Customer004
134,2022-07-05 12:51:28,135,B,6,100,Male,45,Customer019
135,2022-01-21 02:31:35,136,C,3,100,Male,41,Customer026
136,2022-05-02 12:35:46,137,A,6,30,Female,24,Customer075
137,2022-02-25 07:54:10,138,B,6,100,Female,52,Customer040
138,2022-10-08 15:09:20,139,C,6,50,Male,44,Customer050
139,2022-08-07 14:23:54,140,A,6,30,Male,12,Customer043
140,2022-07-05 12:37:24,141,C,6,50,Female,25,Customer075
141,2022-08-09 00:16:41,142,B,6,30,Female,14,Customer067
142,2022-12-10 03:52:06,143,A,6,100,Male,30,Customer012
143,2022-05-12 05:04:57,144,B,6,50,Female,19,Customer067
144,2022-11-19 19:42:32,145,C,6,30,Female,28,Customer027
145,2022-02-14 14:22:19,146,A,6,30,Male,34,Customer054
146,2022-07-05 08:10:46,147,B,6,100,Female,13,Customer066
147,2022-11-09 14:33:44,148,A,1,100,Male,38,Customer049
148,2022-10-31 18:15:35,149,B,3,100,Female,28,Customer016
149,2022-07-25 17:02:03,150,B,6,50,Male,52,Customer002
150,2022-05-18 20:20:49,151,A,6,30,Female,11,Customer060
151,2022-03-24 12:35:44,152,B,6,100,Male,19,Customer054
152,2022-02-22 14:39:43,153,C,6,50,Male,52,Customer030
153,2022-06-30 11:39:34,154,A,6,50,Male,34,Customer084
154,2022-11-09 22:00:54,155,B,6,50,Male,29,Customer038
155,2022-08-26 13:16:45,156,C,3,100,Female,57,Customer028
156,2022-08-31 03:07:03,157,A,6,100,Female,28,Customer025
157,2022-04-03 10:53:24,158,B,6,30,Male,32,Customer096
158,2022-06-01 07:14:42,159,A,6,30,Female,33,Customer010
159,2022-09-24 11:04:11,160,B,6,100,Female,20,Customer060
160,2022-08-24 20:58:15,161,B,1,50,Female,55,Customer042
161,2022-03-05 20:13:09,162,B,3,50,Female,43,Customer040
162,2022-08-07 17:41:46,163,A,1,50,Female,37,Customer097
163,2022-11-22 21:31:14,164,C,6,30,Male,14,Customer077
164,2022-06-22 05:48:48,165,B,3,50,Male,14,Customer042
165,2022-01-06 16:27:14,166,C,6,30,Male,60,Customer047
166,2022-04-30 15:21:08,167,A,6,30,Male,30,Customer037
167,2022-05-28 05:54:54,168,A,3,50,Female,21,Customer080
168,2022-04-25 16:41:49,169,B,6,50,Female,59,Customer022
169,2022-09-14 16:40:34,170,B,3,100,Male,13,Customer057
170,2022-05-28 18:22:56,171,C,6,100,Female,58,Customer084
171,2022-05-29 02:42:12,172,B,3,50,Female,51,Customer027
172,2022-11-24 13:49:13,173,A,6,30,Male,29,Customer041
173,2022-03-22 00:42:30,174,C,3,30,Female,47,Customer080
174,2022-09-23 13:28:30,175,A,6,30,Male,34,Customer034
175,2022-10-29 15:47:25,176,A,6,30,Male,23,Customer032
176,2022-03-21 22:32:06,177,B,6,30,Female,20,Customer090
177,2022-03-10 03:46:34,178,A,6,100,Female,41,Customer089
178,2022-12-20 07:58:00,179,C,6,50,Male,20,Customer066
179,2022-10-09 15:49:34,180,A,6,100,Male,27,Customer012
180,2022-03-17 08:27:05,181,A,6,30,Female,36,Customer040
181,2022-04-09 12:10:17,182,C,6,30,Male,27,Customer073
182,2022-04-02 07:02:19,183,A,6,30,Male,32,Customer076
183,2022-11-11 14:42:20,184,B,6,30,Male,20,Customer090
184,2022-11-15 11:29:54,185,A,1,50,Female,30,Customer073
185,2022-01-09 21:46:38,186,A,3,30,Male,53,Customer010
186,2022-09-13 10:35:11,187,B,6,50,Female,14,Customer096
187,2022-06-28 20:28:22,188,B,6,30,Male,32,Customer098
188,2022-11-26 02:14:08,189,A,6,50,Female,50,Customer048
189,2022-04-03 06:16:19,190,A,6,100,Male,34,Customer020
190,2022-02-08 13:17:48,191,C,6,30,Female,50,Customer039
191,2022-02-07 16:33:35,192,C,3,50,Female,19,Customer060
192,2022-01-11 02:52:51,193,B,3,100,Female,31,Customer066
193,2022-03-07 10:37:17,194,A,3,30,Male,28,Customer065
194,2022-11-21 01:24:52,195,C,6,30,Male,10,Customer051
195,2022-12-20 04:16:22,196,C,6,30,Male,16,Customer036
196,2022-05-22 22:00:06,197,A,3,50,Female,13,Customer024
197,2022-07-25 10:46:04,198,B,6,50,Male,10,Customer027
198,2022-02-08 16:53:34,199,A,6,100,Female,24,Customer002
199,2022-10-03 22:46:02,200,A,6,50,Male,49,Customer031
200,2022-04-22 03:14:43,201,A,6,50,Female,21,Customer057
201,2022-09-24 03:03:40,202,B,3,30,Female,31,Customer078
202,2022-11-28 10:31:59,203,B,6,30,Female,31,Customer066
203,2022-09-12 06:59:18,204,A,6,30,Male,59,Customer029
204,2022-02-04 05:57:14,205,B,3,30,Male,56,Customer015
205,2022-12-29 03:16:02,206,A,6,30,Male,26,Customer012
206,2022-09-05 02:58:29,207,A,3,30,Female,38,Customer028
207,2022-09-29 19:23:07,208,A,6,30,Female,55,Customer084
208,2022-01-01 12:06:25,209,C,6,100,Male,23,Customer024
209,2022-12-23 06:01:13,210,A,6,100,Male,59,Customer021
210,2022-06-20 15:35:08,211,A,6,100,Male,29,Customer010
211,2022-11-23 15:43:57,212,B,3,100,Female,59,Customer078
212,2022-01-30 09:24:08,213,B,6,30,Female,57,Customer018
213,2022-07-15 10:46:12,214,B,3,100,Female,42,Customer088
214,2022-08-01 09:59:33,215,B,3,30,Female,52,Customer014
215,2022-06-19 11:46:35,216,A,6,100,Female,24,Customer034
216,2022-12-04 21:14:03,217,C,1,50,Male,21,Customer058
217,2022-12-09 03:12:43,218,A,6,100,Female,49,Customer076
218,2022-05-02 15:54:59,219,B,6,100,Female,29,Customer022
219,2022-04-07 03:21:01,220,A,3,30,Female,39,Customer070
220,2022-01-24 06:03:41,221,B,3,100,Female,47,Customer036
221,2022-01-14 21:44:42,222,A,3,50,Female,12,Customer045
222,2022-07-20 10:59:11,223,B,6,30,Male,37,Customer036
223,2022-05-17 20:03:05,224,C,6,30,Female,35,Customer022
224,2022-09-01 14:28:06,225,A,3,100,Female,39,Customer078
225,2022-09-29 17:33:15,226,A,6,30,Female,22,Customer080
226,2022-08-24 09:28:56,227,A,6,30,Male,22,Customer061
227,2022-10-01 13:53:42,228,A,3,30,Male,11,Customer100
228,2022-01-29 18:06:53,229,C,6,30,Male,46,Customer056
229,2022-02-03 15:36:00,230,C,6,30,Female,58,Customer089
230,2022-11-20 11:26:56,231,C,6,30,Male,47,Customer096
231,2022-03-10 05:39:04,232,B,3,50,Female,11,Customer033
232,2022-12-18 05:01:14,233,B,3,100,Female,45,Customer045
233,2022-09-18 02:58:05,234,C,3,50,Male,35,Customer036
234,2022-01-26 20:50:00,235,B,6,30,Female,20,Customer020
235,2022-10-02 03:22:27,236,B,3,30,Female,17,Customer018
236,2022-02-20 00:37:32,237,C,6,100,Female,53,Customer038
237,2022-03-09 09:16:24,238,C,6,50,Male,49,Customer067
238,2022-01-05 15:51:30,239,C,6,100,Female,52,Customer023
239,2022-12-12 14:12:54,240,B,6,50,Female,31,Customer096
240,2022-01-30 11:53:41,241,A,6,30,Male,29,Customer016
241,2022-05-26 21:21:11,242,B,6,100,Female,17,Customer059
242,2022-05-22 03:33:46,243,C,6,100,Female,38,Customer069
243,2022-06-16 10:55:04,244,C,1,30,Male,49,Customer068
244,2022-01-23 14:48:29,245,A,6,100,Female,35,Customer021
245,2022-06-16 22:01:08,246,A,3,50,Female,39,Customer078
246,2022-09-03 08:54:56,247,A,3,50,Female,26,Customer095
247,2022-05-14 02:49:22,248,A,3,50,Female,29,Customer078
248,2022-07-08 06:27:53,249,C,6,50,Female,25,Customer070
249,2022-03-25 09:32:27,250,B,3,30,Male,55,Customer012
250,2022-04-07 08:08:55,251,C,3,100,Male,52,Customer016
251,2022-09-26 22:01:50,252,A,3,50,Male,16,Customer081
252,2022-07-30 04:51:06,253,A,3,30,Male,25,Customer087
253,2022-05-24 16:25:25,254,B,6,100,Female,54,Customer014
254,2022-01-01 16:58:07,255,C,6,100,Female,56,Customer061
255,2022-06-07 08:44:15,256,C,3,30,Female,57,Customer071
256,2022-06-19 17:39:35,257,C,6,30,Female,36,Customer046
257,2022-09-26 08:52:03,258,A,6,50,Female,32,Customer032
258,2022-07-31 11:56:32,259,A,1,100,Male,33,Customer015
259,2022-04-29 22:03:41,260,C,3,100,Male,18,Customer044
260,2022-05-31 17:25:04,261,B,6,30,Female,44,Customer017
261,2022-07-14 15:16:09,262,A,6,100,Female,60,Customer041
262,2022-03-17 01:15:31,263,C,3,50,Female,29,Customer054
263,2022-08-22 01:40:27,264,B,6,100,Male,46,Customer044
264,2022-03-30 14:21:49,265,B,3,30,Female,51,Customer098
265,2022-02-19 07:13:42,266,A,6,30,Female,26,Customer005
266,2022-09-09 14:00:33,267,B,3,50,Female,56,Customer027
267,2022-03-08 06:26:10,268,C,3,50,Male,40,Customer087
268,2022-07-19 00:08:16,269,C,3,100,Female,17,Customer078
269,2022-06-28 11:37:20,270,A,6,100,Male,24,Customer079
270,2022-10-04 00:58:31,271,C,6,30,Male,40,Customer043
271,2022-10-08 05:08:32,272,A,3,50,Male,39,Customer097
272,2022-02-27 11:10:50,273,B,3,50,Male,55,Customer031
273,2022-01-10 09:52:48,274,C,6,50,Male,29,Customer099
274,2022-01-03 14:34:41,275,B,3,100,Male,48,Customer017
275,2022-05-14 04:11:45,276,A,3,50,Female,21,Customer092
276,2022-08-26 23:08:11,277,B,6,30,Female,58,Customer083
277,2022-08-17 20:29:41,278,A,3,30,Female,26,Customer054
278,2022-03-31 12:21:42,279,B,6,100,Male,51,Customer062
279,2022-09-16 22:32:04,280,A,6,100,Female,39,Customer087
280,2022-03-07 16:18:39,281,A,3,50,Male,38,Customer032
281,2022-04-11 05:02:24,282,B,1,100,Male,28,Customer040
282,2022-03-18 11:54:40,283,C,3,30,Male,55,Customer013
283,2022-09-15 20:12:02,284,A,6,50,Female,20,Customer084
284,2022-02-20 14:28:13,285,A,6,30,Male,43,Customer035
285,2022-08-01 06:09:05,286,A,6,50,Male,59,Customer005
286,2022-09-10 10:00:11,287,A,3,100,Female,16,Customer073
287,2022-05-03 19:36:57,288,B,6,50,Female,53,Customer029
288,2022-03-05 09:40:47,289,C,6,50,Male,43,Customer070
289,2022-10-27 03:51:33,290,A,6,30,Male,29,Customer025
290,2022-12-03 00:04:06,291,B,6,30,Female,59,Customer095
291,2022-01-13 22:50:43,292,B,6,50,Female,47,Customer022
292,2022-05-16 15:01:10,293,A,6,100,Female,33,Customer066
293,2022-07-09 06:03:54,294,C,6,100,Male,19,Customer045
294,2022-05-03 15:11:51,295,C,3,30,Female,41,Customer069
295,2022-06-12 04:22:18,296,A,3,100,Female,24,Customer091
296,2022-03-24 05:07:10,297,B,6,30,Female,46,Customer089
297,2022-11-08 10:08:37,298,A,3,100,Male,29,Customer072
298,2022-01-30 14:37:11,299,B,6,50,Female,12,Customer001
299,2022-03-19 01:58:28,300,A,6,30,Female,46,Customer084
300,2022-12-30 04:11:31,301,C,6,30,Female,49,Customer044
301,2022-12-08 01:03:29,302,A,3,50,Female,17,Customer087
302,2022-02-05 15:39:49,303,B,3,30,Female,49,Customer096
303,2022-01-20 05:38:29,304,C,3,100,Male,53,Customer075
304,2022-08-13 22:09:14,305,C,6,100,Male,32,Customer039
305,2022-07-15 10:54:54,306,A,6,30,Male,49,Customer054
306,2022-08-05 08:27:27,307,B,6,100,Female,20,Customer088
307,2022-03-15 01:55:27,308,A,6,30,Male,55,Customer075
308,2022-12-23 19:05:04,309,C,6,50,Male,17,Customer029
309,2022-04-24 08:11:52,310,A,6,30,Male,38,Customer054
310,2022-01-24 05:49:47,311,C,3,50,Female,39,Customer090
311,2022-01-20 04:51:06,312,A,6,100,Female,19,Customer016
312,2022-12-06 13:42:29,313,B,3,50,Male,48,Customer099
313,2022-01-25 20:53:35,314,A,3,100,Male,37,Customer020
314,2022-03-27 03:15:40,315,B,6,30,Female,58,Customer046
315,2022-12-04 20:18:10,316,A,3,100,Female,45,Customer067
316,2022-09-04 08:04:35,317,A,6,30,Male,22,Customer065
317,2022-10-08 16:25:31,318,B,6,30,Female,41,Customer058
318,2022-10-10 19:40:42,319,C,6,50,Male,45,Customer053
319,2022-03-16 02:53:23,320,A,3,50,Female,46,Customer001
320,2022-02-17 20:41:54,321,C,6,50,Male,35,Customer081
321,2022-01-11 12:58:01,322,A,6,50,Male,31,Customer066
322,2022-08-01 18:53:54,323,A,6,100,Female,13,Customer029
323,2022-08-28 06:47:26,324,A,6,100,Male,40,Customer084
324,2022-09-02 09:00:03,325,B,1,100,Male,27,Customer070
325,2022-08-15 01:43:59,326,A,6,30,Male,47,Customer008
326,2022-05-01 14:59:18,327,C,3,100,Female,33,Customer029
327,2022-05-04 20:23:15,328,A,6,100,Female,32,Customer051
328,2022-05-31 06:53:28,329,A,6,100,Female,31,Customer033
329,2022-06-20 21:22:40,330,C,6,50,Male,11,Customer003
330,2022-12-12 08:07:03,331,B,6,100,Female,40,Customer060
331,2022-07-15 00:08:31,332,B,6,30,Male,20,Customer035
332,2022-04-16 16:49:42,333,B,6,50,Male,37,Customer069
333,2022-12-17 02:00:49,334,A,6,30,Female,55,Customer091
334,2022-03-30 02:48:07,335,C,6,100,Female,41,Customer076
335,2022-08-23 01:23:12,336,C,3,50,Male,14,Customer084
336,2022-07-09 15:36:42,337,A,3,30,Male,47,Customer020
337,2022-09-12 22:57:31,338,B,6,100,Female,19,Customer073
338,2022-02-11 19:30:00,339,C,3,30,Female,49,Customer039
339,2022-07-23 17:43:52,340,A,6,30,Female,55,Customer004
340,2022-10-23 14:35:29,341,A,3,30,Male,33,Customer019
341,2022-05-21 02:44:38,342,C,6,100,Male,44,Customer091
342,2022-04-29 13:58:54,343,B,6,100,Male,53,Customer045
343,2022-04-27 06:57:33,344,B,6,30,Male,57,Customer043
344,2022-01-24 10:59:53,345,A,6,50,Male,32,Customer013
345,2022-01-07 10:03:14,346,A,6,50,Female,26,Customer013
346,2022-04-09 19:12:06,347,A,6,100,Female,10,Customer060
347,2022-07-05 14:53:47,348,C,6,100,Male,40,Customer057
348,2022-06-03 02:29:35,349,B,3,100,Male,40,Customer086
349,2022-08-23 17:48:09,350,B,6,100,Female,51,Customer092
350,2022-10-06 16:01:51,351,B,6,100,Female,51,Customer052
351,2022-01-26 12:24:24,352,C,3,50,Female,43,Customer053
352,2022-02-20 06:02:27,353,C,3,100,Female,18,Customer086
353,2022-11-05 20:29:47,354,A,6,30,Male,31,Customer043
354,2022-05-30 23:02:08,355,B,3,30,Female,22,Customer083
355,2022-07-22 03:09:52,356,A,3,50,Male,34,Customer072
356,2022-12-23 04:29:35,357,C,6,30,Female,57,Customer072
357,2022-08-11 19:03:25,358,A,6,50,Female,27,Customer042
358,2022-11-24 15:04:43,359,B,6,50,Female,60,Customer090
359,2022-06-29 06:03:48,360,B,6,30,Male,21,Customer026
360,2022-04-09 10:53:24,361,C,6,100,Male,49,Customer023
361,2022-01-15 08:44:42,362,A,6,30,Female,26,Customer043
362,2022-03-02 00:08:22,363,A,3,30,Male,24,Customer077
363,2022-06-03 17:14:48,364,A,6,50,Male,51,Customer028
364,2022-09-28 02:50:16,365,B,3,30,Female,24,Customer009
365,2022-09-29 09:31:14,366,A,6,50,Female,24,Customer020
366,2022-09-08 19:18:42,367,A,6,100,Male,48,Customer056
367,2022-12-25 04:42:23,368,B,6,100,Male,22,Customer083
368,2022-05-25 17:07:27,369,C,3,100,Male,26,Customer039
369,2022-11-19 09:12:34,370,B,6,30,Female,41,Customer051
370,2022-08-25 17:02:11,371,A,6,50,Female,18,Customer012
371,2022-08-01 10:59:35,372,B,3,100,Male,49,Customer079
372,2022-10-29 18:32:21,373,A,3,50,Female,29,Customer095
373,2022-11-17 00:53:11,374,A,6,50,Female,35,Customer055
374,2022-09-04 10:38:24,375,A,3,100,Male,36,Customer078
375,2022-03-11 22:11:35,376,A,6,100,Male,30,Customer011
376,2022-12-23 20:13:39,377,C,6,50,Female,27,Customer026
377,2022-10-27 00:07:38,378,C,3,100,Female,22,Customer042
378,2022-10-23 15:38:24,379,A,6,50,Male,25,Customer027
379,2022-09-25 09:03:03,380,B,3,50,Female,18,Customer011
380,2022-07-23 08:19:47,381,B,6,100,Female,21,Customer038
381,2022-01-06 19:12:37,382,C,3,30,Male,53,Customer098
382,2022-09-02 20:39:03,383,C,1,100,Male,47,Customer043
383,2022-08-30 22:01:55,384,C,6,30,Female,28,Customer019
384,2022-05-08 08:08:29,385,A,6,50,Female,16,Customer064
385,2022-03-10 19:49:54,386,B,6,50,Female,44,Customer006
386,2022-09-11 06:53:35,387,A,6,30,Male,57,Customer046
387,2022-05-11 21:49:12,388,C,6,50,Female,27,Customer042
388,2022-12-27 11:41:22,389,A,3,30,Female,25,Customer092
389,2022-09-02 06:26:32,390,A,3,30,Male,48,Customer065
390,2022-09-09 14:42:36,391,B,6,50,Male,13,Customer099
391,2022-05-13 18:36:01,392,A,6,30,Female,34,Customer072
392,2022-08-15 13:58:23,393,C,6,100,Male,41,Customer059
393,2022-02-03 14:55:41,394,C,3,100,Male,49,Customer052
394,2022-04-03 09:37:21,395,A,3,50,Female,22,Customer047
395,2022-03-03 13:53:05,396,B,6,50,Male,54,Customer007
396,2022-08-07 11:40:37,397,C,6,30,Male,26,Customer011
397,2022-06-04 16:19:46,398,B,6,30,Female,58,Customer061
398,2022-06-25 04:00:15,399,A,6,30,Male,46,Customer068
399,2022-04-23 20:10:36,400,C,6,30,Female,15,Customer025
400,2022-10-02 08:47:36,401,A,3,100,Female,28,Customer012
401,2022-07-21 08:08:03,402,A,6,100,Male,22,Customer026
402,2022-03-03 17:25:52,403,A,3,50,Male,35,Customer012
403,2022-05-02 19:23:47,404,A,3,30,Male,23,Customer043
404,2022-05-23 20:54:56,405,B,6,30,Female,40,Customer051
405,2022-03-26 19:35:41,406,C,6,50,Male,13,Customer037
406,2022-09-10 21:16:04,407,A,6,30,Female,48,Customer046
407,2022-12-12 08:56:15,408,B,3,30,Male,17,Customer053
408,2022-08-02 22:45:39,409,A,3,30,Male,34,Customer088
409,2022-12-19 15:12:55,410,C,3,30,Male,22,Customer080
410,2022-03-01 10:10:07,411,A,3,30,Female,41,Customer013
411,2022-04-09 13:49:59,412,B,6,50,Male,47,Customer089
412,2022-09-30 02:01:42,413,B,3,30,Male,47,Customer054
413,2022-04-19 20:40:34,414,A,6,50,Female,37,Customer057
414,2022-03-09 17:59:44,415,A,3,30,Female,39,Customer004
415,2022-06-17 16:29:51,416,C,3,100,Male,12,Customer075
416,2022-10-16 17:55:44,417,A,3,100,Male,37,Customer096
417,2022-06-22 21:05:51,418,A,6,100,Male,12,Customer049
418,2022-02-19 18:55:54,419,A,6,100,Female,54,Customer007
419,2022-01-27 06:17:22,420,B,6,50,Female,43,Customer011
420,2022-06-24 23:40:05,421,A,6,50,Female,25,Customer092
421,2022-01-23 22:58:29,422,A,6,30,Female,31,Customer054
422,2022-03-31 14:02:21,423,C,1,100,Male,41,Customer087
423,2022-07-15 12:39:57,424,B,3,50,Female,47,Customer045
424,2022-07-31 19:01:57,425,B,6,30,Female,17,Customer023
425,2022-04-26 20:13:25,426,B,6,30,Female,17,Customer028
426,2022-05-03 22:04:28,427,C,3,50,Male,15,Customer057
427,2022-04-28 16:07:14,428,A,6,100,Male,23,Customer026
428,2022-03-12 15:58:45,429,B,6,30,Female,41,Customer025
429,2022-11-02 03:40:10,430,A,3,100,Female,44,Customer054
430,2022-08-22 23:30:34,431,B,6,100,Male,19,Customer029
431,2022-10-13 18:35:13,432,C,6,100,Male,12,Customer083
432,2022-11-11 14:05:08,433,A,6,30,Male,21,Customer097
433,2022-05-12 02:10:37,434,A,3,100,Male,58,Customer036
434,2022-08-11 14:53:20,435,B,3,30,Male,40,Customer014
435,2022-11-24 15:49:47,436,A,6,100,Male,38,Customer078
436,2022-08-30 16:03:58,437,A,6,30,Male,14,Customer035
437,2022-01-17 09:56:15,438,A,6,100,Male,34,Customer030
438,2022-08-27 05:45:04,439,A,6,50,Female,50,Customer092
439,2022-06-30 02:07:55,440,C,3,100,Female,40,Customer017
440,2022-07-04 00:47:56,441,A,6,100,Female,30,Customer067
441,2022-12-15 06:20:31,442,C,3,30,Female,29,Customer080
442,2022-12-31 14:49:54,443,B,6,30,Female,48,Customer030
443,2022-03-26 02:16:35,444,C,6,100,Female,31,Customer093
444,2022-02-13 16:02:42,445,B,3,50,Male,13,Customer045
445,2022-05-26 14:27:11,446,A,6,50,Male,22,Customer079
446,2022-08-29 23:03:12,447,A,3,30,Female,54,Customer089
447,2022-08-14 17:57:19,448,B,3,50,Female,51,Customer051
448,2022-09-18 06:24:16,449,A,3,100,Male,59,Customer047
449,2022-04-28 11:10:35,450,C,3,30,Male,58,Customer053
450,2022-05-28 01:43:55,451,A,6,100,Male,29,Customer064
451,2022-03-01 09:06:37,452,C,6,30,Female,22,Customer038
452,2022-02-09 22:42:36,453,A,3,30,Male,26,Customer064
453,2022-11-01 08:49:49,454,B,6,30,Female,45,Customer087
454,2022-02-09 20:41:24,455,B,3,30,Female,42,Customer089
455,2022-02-03 21:05:09,456,A,6,50,Male,10,Customer007
456,2022-05-28 16:46:26,457,C,6,100,Male,24,Customer022
457,2022-10-02 23:04:27,458,C,6,100,Female,22,Customer081
458,2022-11-17 07:28:23,459,A,3,100,Male,26,Customer082
459,2022-05-11 12:06:52,460,A,6,30,Male,33,Customer041
460,2022-11-10 15:06:24,461,B,6,50,Female,17,Customer074
461,2022-10-20 18:59:57,462,B,6,100,Male,59,Customer010
462,2022-10-12 05:01:40,463,C,1,50,Female,36,Customer057
463,2022-04-09 10:11:42,464,B,3,30,Female,54,Customer007
464,2022-05-14 08:18:42,465,A,6,100,Male,32,Customer050
465,2022-07-07 08:41:31,466,A,6,50,Female,55,Customer091
466,2022-03-13 22:17:04,467,A,3,30,Female,17,Customer052
467,2022-09-08 05:30:27,468,C,3,50,Male,17,Customer033
468,2022-09-25 18:13:18,469,A,6,100,Male,35,Customer001
469,2022-02-20 04:24:28,470,C,1,100,Male,56,Customer053
470,2022-04-24 14:23:16,471,A,6,30,Female,22,Customer060
471,2022-06-19 13:31:11,472,B,6,30,Female,48,Customer034
472,2022-05-22 16:00:32,473,C,3,30,Male,46,Customer004
473,2022-08-08 19:39:43,474,B,6,50,Female,58,Customer017
474,2022-02-14 23:33:22,475,A,3,50,Male,37,Customer004
475,2022-09-27 22:32:31,476,B,3,50,Male,34,Customer043
476,2022-10-01 09:00:01,477,B,6,30,Female,25,Customer090
477,2022-04-16 01:49:12,478,C,6,100,Male,11,Customer004
478,2022-07-22 03:28:41,479,C,6,100,Female,27,Customer001
479,2022-11-18 11:45:34,480,A,6,50,Female,26,Customer071
480,2022-01-24 00:32:53,481,A,3,50,Male,39,Customer094
481,2022-02-05 15:46:01,482,C,3,100,Female,48,Customer050
482,2022-01-17 08:54:26,483,A,3,100,Male,22,Customer073
483,2022-01-06 03:38:21,484,B,3,50,Female,41,Customer061
484,2022-06-20 07:58:15,485,B,3,50,Female,59,Customer035
485,2022-10-16 00:10:25,486,A,3,100,Female,38,Customer008
486,2022-10-07 23:30:39,487,B,3,30,Male,55,Customer024
487,2022-12-18 23:58:38,488,A,3,50,Female,39,Customer083
488,2022-10-10 07:08:05,489,C,6,100,Male,27,Customer036
489,2022-12-19 03:52:54,490,C,6,100,Female,22,Customer050
490,2022-12-28 11:15:13,491,C,3,100,Female,52,Customer043
491,2022-07-26 23:25:50,492,A,6,100,Male,30,Customer027
492,2022-05-15 10:46:50,493,B,6,30,Male,39,Customer032
493,2022-11-06 14:23:37,494,A,3,100,Male,30,Customer078
494,2022-04-28 23:10:57,495,B,6,50,Male,57,Customer018
495,2022-04-22 06:21:13,496,A,6,30,Male,26,Customer028
496,2022-11-14 19:52:48,497,B,6,100,Female,49,Customer029
497,2022-09-02 13:32:23,498,B,3,30,Female,28,Customer016
498,2022-03-26 16:02:40,499,A,6,50,Male,24,Customer099
499,2022-07-09 08:06:32,500,A,3,100,Female,18,Customer047
500,2022-12-23 12:01:46,501,B,6,50,Female,19,Customer059
501,2022-10-15 14:57:57,502,B,6,100,Female,53,Customer031
502,2022-01-06 18:34:23,503,B,6,100,Male,40,Customer004
503,2022-10-23 12:37:58,504,C,6,100,Female,32,Customer037
504,2022-08-14 03:43:24,505,B,6,100,Female,39,Customer017
505,2022-08-21 07:53:26,506,B,3,100,Female,42,Customer039
506,2022-10-12 06:15:53,507,C,3,30,Male,18,Customer048
507,2022-09-27 17:20:34,508,B,6,100,Female,56,Customer046
508,2022-11-05 13:10:09,509,A,3,100,Female,10,Customer090
509,2022-04-17 07:34:47,510,A,1,30,Male,53,Customer048
510,2022-12-14 12:03:24,511,A,3,30,Male,44,Customer039
511,2022-06-22 10:53:47,512,A,3,30,Female,20,Customer004
512,2022-06-25 11:20:25,513,B,6,30,Female,43,Customer030
513,2022-09-15 17:46:46,514,A,6,30,Male,25,Customer030
514,2022-03-17 09:00:40,515,C,6,30,Male,18,Customer022
515,2022-05-24 21:09:55,516,B,6,100,Male,41,Customer075
516,2022-03-12 14:20:28,517,B,6,100,Male,24,Customer066
517,2022-12-03 17:38:27,518,A,3,50,Male,21,Customer012
518,2022-03-17 21:06:08,519,C,6,100,Male,42,Customer094
519,2022-02-01 05:43:35,520,C,3,100,Male,54,Customer036
520,2022-11-27 18:59:11,521,A,6,30,Female,23,Customer018
521,2022-11-03 03:45:49,522,B,6,30,Male,17,Customer090
522,2022-12-01 13:24:31,523,B,3,100,Male,17,Customer053
523,2022-07-13 13:09:33,524,A,6,50,Female,36,Customer071
524,2022-12-24 13:23:23,525,A,6,30,Male,21,Customer001
525,2022-07-09 03:07:30,526,B,6,100,Male,10,Customer058
526,2022-04-13 06:53:10,527,A,3,100,Female,52,Customer090
527,2022-07-27 18:03:58,528,C,6,50,Male,49,Customer087
528,2022-01-29 23:29:31,529,B,6,50,Female,51,Customer090
529,2022-02-06 18:43:45,530,A,3,30,Female,60,Customer006
530,2022-01-12 12:42:41,531,B,3,50,Female,20,Customer070
531,2022-02-18 10:10:39,532,C,6,100,Female,48,Customer044
532,2022-01-08 17:05:26,533,C,3,100,Male,52,Customer072
533,2022-01-08 12:19:10,534,A,6,50,Female,40,Customer024
534,2022-08-22 06:06:13,535,B,6,50,Female,26,Customer086
535,2022-01-02 09:00:34,536,B,6,50,Male,42,Customer019
536,2022-08-20 16:13:12,537,B,3,50,Female,41,Customer018
537,2022-11-25 07:01:13,538,A,6,30,Female,38,Customer095
538,2022-06-28 01:39:10,539,B,1,50,Female,30,Customer030
539,2022-09-20 09:22:05,540,A,1,30,Female,30,Customer042
540,2022-09-21 00:42:36,541,C,6,100,Male,49,Customer033
541,2022-05-29 22:22:13,542,A,3,50,Female,32,Customer074
542,2022-09-01 08:52:09,543,B,3,30,Male,15,Customer012
543,2022-02-21 04:23:21,544,C,6,50,Male,31,Customer094
544,2022-12-18 02:11:33,545,B,3,100,Female,59,Customer027
545,2022-01-13 11:53:20,546,A,3,100,Female,47,Customer039
546,2022-10-31 03:25:39,547,A,6,100,Female,46,Customer009
547,2022-04-24 17:45:41,548,C,6,50,Female,54,Customer021
548,2022-11-14 16:10:54,549,C,6,50,Male,60,Customer076
549,2022-02-10 13:05:57,550,C,3,30,Male,17,Customer029
550,2022-10-17 22:21:30,551,C,6,100,Male,50,Customer033
551,2022-04-13 10:17:31,552,B,3,50,Female,58,Customer062
552,2022-11-12 02:24:36,553,A,3,100,Male,44,Customer015
553,2022-11-25 23:53:04,554,B,6,100,Female,60,Customer002
554,2022-08-06 03:53:24,555,B,3,30,Female,20,Customer052
555,2022-10-22 04:21:15,556,A,3,30,Female,33,Customer044
556,2022-08-31 18:16:11,557,C,6,30,Female,58,Customer054
557,2022-08-03 11:11:39,558,A,6,30,Female,30,Customer018
558,2022-10-11 11:54:44,559,C,6,100,Male,60,Customer003
559,2022-07-25 19:24:22,560,A,3,30,Male,11,Customer007
560,2022-12-26 00:43:47,561,B,3,30,Female,49,Customer043
561,2022-10-30 12:22:29,562,A,3,30,Male,28,Customer082
562,2022-08-27 22:38:36,563,C,3,30,Female,48,Customer038
563,2022-12-09 00:12:15,564,A,6,100,Female,37,Customer037
564,2022-01-06 04:49:55,565,A,6,30,Female,26,Customer058
565,2022-09-11 17:11:57,566,C,6,100,Male,15,Customer033
566,2022-03-20 04:12:30,567,B,6,50,Female,28,Customer059
567,2022-07-28 18:26:42,568,B,6,100,Female,47,Customer095
568,2022-08-18 12:46:46,569,A,6,100,Male,37,Customer011
569,2022-10-03 10:10:47,570,B,3,30,Male,11,Customer068
570,2022-12-31 22:33:23,571,C,6,50,Male,47,Customer082
571,2022-12-20 01:06:20,572,B,6,50,Female,46,Customer068
572,2022-02-09 02:46:09,573,C,3,50,Female,60,Customer098
573,2022-02-03 13:43:23,574,C,3,50,Male,13,Customer093
574,2022-07-01 19:41:29,575,A,6,100,Female,31,Customer088
575,2022-05-12 10:23:25,576,C,3,50,Male,35,Customer022
576,2022-04-10 16:04:34,577,A,3,100,Male,58,Customer066
577,2022-11-01 09:51:12,578,B,6,100,Female,52,Customer044
578,2022-01-20 01:25:11,579,C,6,100,Female,45,Customer006
579,2022-09-16 20:29:50,580,A,6,50,Male,22,Customer042
580,2022-07-10 13:13:54,581,A,6,30,Male,41,Customer025
581,2022-03-15 03:28:27,582,C,3,30,Male,26,Customer057
582,2022-04-03 05:16:41,583,A,6,50,Male,50,Customer085
583,2022-01-17 11:21:26,584,B,3,30,Female,45,Customer055
584,2022-02-12 18:39:21,585,B,6,30,Male,55,Customer016
585,2022-04-06 02:35:16,586,A,6,100,Male,28,Customer095
586,2022-08-19 23:06:01,587,C,3,100,Male,44,Customer014
587,2022-03-27 01:12:20,588,B,3,50,Female,55,Customer039
588,2022-05-17 14:27:09,589,B,1,50,Female,49,Customer028
589,2022-01-03 02:51:02,590,A,3,30,Male,37,Customer096
590,2022-11-17 02:35:42,591,C,3,100,Female,10,Customer092
591,2022-02-02 21:26:32,592,B,6,50,Female,51,Customer051
592,2022-02-19 16:55:39,593,C,6,50,Female,27,Customer049
593,2022-05-15 08:44:36,594,C,3,50,Male,57,Customer009
594,2022-06-24 06:56:00,595,C,3,50,Male,49,Customer058
595,2022-03-12 13:18:49,596,C,3,50,Female,42,Customer045
596,2022-02-27 05:28:25,597,A,6,50,Male,21,Customer022
597,2022-01-10 07:08:48,598,B,3,30,Male,17,Customer032
598,2022-08-30 04:56:14,599,B,6,100,Female,33,Customer069
599,2022-01-13 01:47:13,600,A,6,100,Female,25,Customer087
600,2022-09-27 01:11:59,601,B,6,50,Male,59,Customer069
601,2022-04-27 21:39:09,602,C,6,100,Female,13,Customer042
602,2022-01-07 03:05:25,603,C,3,100,Male,47,Customer053
603,2022-07-01 20:40:15,604,B,6,100,Male,53,Customer096
604,2022-06-08 00:05:44,605,A,3,50,Female,36,Customer059
605,2022-07-16 05:23:51,606,A,3,50,Male,18,Customer074
606,2022-09-02 21:32:28,607,B,6,100,Male,56,Customer039
607,2022-11-19 22:30:12,608,A,6,100,Female,25,Customer015
608,2022-09-29 07:45:04,609,A,6,50,Female,21,Customer071
609,2022-03-28 12:14:07,610,B,3,30,Female,40,Customer029
610,2022-02-23 06:03:40,611,C,3,100,Male,33,Customer003
611,2022-06-25 01:48:22,612,A,6,30,Female,23,Customer083
612,2022-02-12 19:36:31,613,C,3,100,Female,54,Customer010
613,2022-10-25 12:51:16,614,C,6,30,Female,34,Customer092
614,2022-04-27 14:35:01,615,B,6,30,Female,43,Customer029
615,2022-06-22 20:00:28,616,B,6,30,Male,12,Customer079
616,2022-10-03 06:34:30,617,C,3,50,Male,33,Customer035
617,2022-02-11 19:30:10,618,A,6,30,Female,51,Customer006
618,2022-10-03 13:38:19,619,A,3,30,Male,18,Customer012
619,2022-06-25 20:03:37,620,A,6,30,Female,35,Customer038
620,2022-08-08 05:33:03,621,A,6,100,Female,29,Customer077
621,2022-04-30 03:04:18,622,A,6,30,Male,49,Customer093
622,2022-01-02 16:05:56,623,B,3,100,Male,19,Customer019
623,2022-05-28 23:52:53,624,C,6,30,Female,28,Customer067
624,2022-11-24 03:25:44,625,B,6,30,Female,12,Customer008
625,2022-10-23 09:17:16,626,C,1,50,Male,33,Customer008
626,2022-11-29 22:35:57,627,B,1,100,Female,14,Customer084
627,2022-10-19 09:07:39,628,B,6,30,Male,12,Customer047
628,2022-12-11 23:54:44,629,A,6,100,Female,36,Customer004
629,2022-01-21 05:33:34,630,A,6,100,Female,25,Customer051
630,2022-03-24 19:58:40,631,B,3,50,Male,58,Customer085
631,2022-12-01 08:12:13,632,A,1,50,Male,24,Customer067
632,2022-07-13 18:35:25,633,A,6,50,Male,44,Customer045
633,2022-05-27 13:08:13,634,B,3,50,Male,21,Customer008
634,2022-01-27 11:43:47,635,B,6,50,Male,50,Customer087
635,2022-06-21 18:17:40,636,B,6,50,Male,53,Customer016
636,2022-09-27 14:52:59,637,A,6,50,Male,35,Customer077
637,2022-03-18 08:38:39,638,B,6,50,Female,56,Customer067
638,2022-07-23 00:35:37,639,B,6,30,Female,43,Customer009
639,2022-10-03 23:42:17,640,B,3,100,Female,32,Customer060
640,2022-12-26 22:41:51,641,B,6,50,Male,40,Customer078
641,2022-04-21 15:05:56,642,A,6,50,Male,59,Customer077
642,2022-08-23 17:17:26,643,A,6,100,Male,29,Customer071
643,2022-05-07 23:25:23,644,A,3,30,Female,21,Customer015
644,2022-03-07 23:00:48,645,A,6,100,Male,32,Customer071
645,2022-07-05 17:35:57,646,B,3,100,Male,13,Customer098
646,2022-07-27 00:01:33,647,A,6,50,Female,32,Customer041
647,2022-03-08 10:07:32,648,A,6,100,Male,57,Customer022
648,2022-01-04 08:13:10,649,B,6,100,Female,57,Customer024
649,2022-02-28 20:28:41,650,B,3,50,Female,10,Customer044
650,2022-11-18 21:05:13,651,A,6,50,Male,34,Customer001
651,2022-07-10 13:13:25,652,C,6,50,Male,11,Customer010
652,2022-04-24 09:30:44,653,A,1,50,Male,39,Customer080
653,2022-07-12 06:34:11,654,C,3,100,Female,12,Customer072
654,2022-11-07 06:24:33,655,A,3,100,Female,30,Customer056
655,2022-06-03 03:55:31,656,A,3,30,Female,34,Customer089
656,2022-02-12 17:55:05,657,A,6,30,Male,29,Customer050
657,2022-07-06 08:30:10,658,A,6,100,Male,58,Customer012
658,2022-06-05 21:42:17,659,C,6,30,Male,31,Customer089
659,2022-02-21 16:37:51,660,A,3,100,Male,30,Customer081
660,2022-09-02 22:32:32,661,B,3,30,Female,42,Customer060
661,2022-01-16 15:44:55,662,B,6,50,Female,47,Customer026
662,2022-05-02 11:21:40,663,A,3,30,Female,24,Customer078
663,2022-08-01 13:47:24,664,B,6,50,Female,55,Customer041
664,2022-11-29 06:49:39,665,A,6,50,Male,24,Customer036
665,2022-11-18 22:22:07,666,A,6,50,Male,55,Customer023
666,2022-01-13 17:42:47,667,C,6,50,Male,34,Customer043
667,2022-11-14 17:28:47,668,A,3,30,Female,30,Customer006
668,2022-03-31 04:39:18,669,B,1,100,Female,33,Customer069
669,2022-12-02 14:58:09,670,B,3,50,Male,14,Customer043
670,2022-06-02 19:11:44,671,B,6,30,Male,15,Customer025
671,2022-01-01 13:38:35,672,B,3,50,Female,58,Customer018
672,2022-06-28 12:20:47,673,A,3,30,Male,52,Customer062
673,2022-05-16 17:18:18,674,A,6,30,Female,57,Customer013
674,2022-07-22 12:49:23,675,B,3,30,Female,53,Customer043
675,2022-09-14 14:07:19,676,A,3,100,Female,56,Customer078
676,2022-09-21 03:12:11,677,B,3,30,Male,32,Customer028
677,2022-09-24 07:39:29,678,A,6,30,Male,13,Customer018
678,2022-06-01 20:12:18,679,B,6,100,Female,36,Customer059
679,2022-05-13 09:20:59,680,A,6,100,Male,27,Customer060
680,2022-06-24 00:04:48,681,B,1,30,Female,30,Customer063
681,2022-09-12 21:48:16,682,A,6,100,Female,37,Customer057
682,2022-11-20 22:42:04,683,B,6,50,Female,44,Customer092
683,2022-11-22 19:34:10,684,A,3,50,Female,31,Customer051
684,2022-01-17 06:05:30,685,C,6,100,Male,49,Customer056
685,2022-07-17 02:11:48,686,B,3,100,Female,32,Customer027
686,2022-02-16 17:04:11,687,A,6,30,Female,12,Customer032
687,2022-06-13 13:16:50,688,C,6,100,Male,49,Customer009
688,2022-01-06 16:24:32,689,B,3,30,Female,59,Customer096
689,2022-01-13 13:54:40,690,B,6,50,Female,19,Customer084
690,2022-06-01 11:31:51,691,A,6,100,Male,34,Customer092
691,2022-12-10 15:42:01,692,A,6,30,Male,58,Customer097
692,2022-06-26 22:28:58,693,A,3,30,Male,17,Customer068
693,2022-01-24 19:02:03,694,B,3,50,Female,20,Customer046
694,2022-01-27 00:43:08,695,C,3,100,Male,14,Customer098
695,2022-12-08 01:51:08,696,C,6,50,Male,54,Customer067
696,2022-07-01 12:33:15,697,B,3,30,Female,46,Customer026
697,2022-12-16 08:44:14,698,C,6,30,Female,54,Customer008
698,2022-04-23 07:11:41,699,B,6,100,Female,47,Customer006
699,2022-05-10 02:08:01,700,C,3,30,Female,38,Customer080
700,2022-02-04 10:44:02,701,B,6,100,Female,14,Customer024
701,2022-02-23 00:14:41,702,A,3,50,Male,18,Customer048
702,2022-06-15 00:02:42,703,C,6,100,Male,57,Customer094
703,2022-01-31 15:46:30,704,B,6,100,Male,11,Customer045
704,2022-02-13 13:17:04,705,A,3,30,Female,10,Customer013
705,2022-12-29 03:30:33,706,C,3,30,Female,49,Customer069
706,2022-11-18 21:43:35,707,A,6,100,Female,60,Customer025
707,2022-05-09 10:58:36,708,A,6,30,Male,39,Customer020
708,2022-02-25 22:32:57,709,A,6,30,Male,20,Customer082
709,2022-04-06 18:00:41,710,C,6,30,Female,37,Customer082
710,2022-08-21 23:53:33,711,A,3,100,Male,53,Customer066
711,2022-04-08 20:29:21,712,A,3,30,Female,21,Customer074
712,2022-05-24 06:23:46,713,A,3,100,Male,48,Customer045
713,2022-01-31 01:31:20,714,A,6,30,Male,35,Customer047
714,2022-07-11 09:10:30,715,A,6,50,Male,22,Customer063
715,2022-02-18 13:59:31,716,B,6,30,Female,17,Customer076
716,2022-09-25 22:56:57,717,C,3,30,Male,37,Customer077
717,2022-03-12 19:41:40,718,A,6,100,Male,39,Customer055
718,2022-08-17 00:01:53,719,B,6,100,Female,18,Customer075
719,2022-07-15 23:59:40,720,C,6,30,Male,48,Customer019
720,2022-12-13 00:22:34,721,B,6,50,Female,40,Customer035
721,2022-05-03 21:14:04,722,A,3,30,Female,30,Customer053
722,2022-01-07 03:43:51,723,B,3,30,Female,56,Customer026
723,2022-02-04 14:24:35,724,C,6,50,Female,43,Customer014
724,2022-07-13 01:14:00,725,A,6,100,Female,40,Customer045
725,2022-11-25 09:10:44,726,A,3,30,Male,34,Customer044
726,2022-11-27 05:28:28,727,B,6,100,Female,21,Customer088
727,2022-02-09 00:02:00,728,C,6,100,Female,10,Customer065
728,2022-02-24 12:37:55,729,A,6,50,Female,31,Customer051
729,2022-10-04 14:45:29,730,B,6,50,Female,49,Customer043
730,2022-03-21 08:01:40,731,A,3,100,Male,46,Customer086
731,2022-01-31 13:25:28,732,A,6,30,Female,56,Customer023
732,2022-10-27 06:28:39,733,A,6,100,Male,10,Customer056
733,2022-04-17 17:45:35,734,B,6,30,Female,10,Customer019
734,2022-10-06 23:27:30,735,A,6,30,Male,51,Customer082
735,2022-11-01 17:32:32,736,B,6,50,Female,51,Customer076
736,2022-09-10 18:56:34,737,A,1,30,Female,30,Customer055
737,2022-11-13 12:56:15,738,A,6,30,Male,24,Customer092
738,2022-05-14 16:58:11,739,A,6,100,Female,26,Customer092
739,2022-08-29 03:06:57,740,A,6,50,Male,31,Customer060
740,2022-01-01 19:37:20,741,B,6,30,Female,47,Customer059
741,2022-05-28 21:51:34,742,A,6,30,Male,44,Customer033
742,2022-05-01 05:59:59,743,A,6,50,Female,54,Customer019
743,2022-08-30 21:24:39,744,A,6,100,Female,25,Customer028
744,2022-02-23 04:21:17,745,A,3,50,Male,17,Customer052
745,2022-12-23 21:06:39,746,B,3,50,Female,56,Customer049
746,2022-12-07 12:40:04,747,B,6,30,Female,26,Customer037
747,2022-07-29 20:52:27,748,A,6,30,Female,26,Customer026
748,2022-12-20 21:19:44,749,A,3,100,Female,35,Customer099
749,2022-01-08 19:38:30,750,A,3,30,Female,22,Customer098
750,2022-02-13 07:13:16,751,C,6,30,Female,26,Customer099
751,2022-10-03 02:01:58,752,C,1,50,Male,47,Customer040
752,2022-08-14 19:51:52,753,C,3,30,Male,26,Customer080
753,2022-07-11 22:32:02,754,A,1,100,Male,57,Customer038
754,2022-03-19 14:47:04,755,C,3,50,Female,23,Customer077
755,2022-05-16 15:41:17,756,B,3,100,Male,54,Customer087
756,2022-07-24 13:52:16,757,B,3,50,Female,15,Customer054
757,2022-06-02 23:34:08,758,B,6,30,Female,44,Customer022
758,2022-09-19 02:19:41,759,A,6,50,Female,55,Customer016
759,2022-08-06 10:00:51,760,A,6,50,Female,23,Customer028
760,2022-11-02 11:13:51,761,C,6,30,Male,56,Customer035
761,2022-12-05 07:23:04,762,A,3,30,Female,17,Customer060
762,2022-02-07 18:55:08,763,A,3,100,Male,24,Customer045
763,2022-09-01 11:49:14,764,A,6,100,Female,36,Customer046
764,2022-11-06 22:30:42,765,A,3,30,Male,22,Customer072
765,2022-11-14 14:35:28,766,C,6,30,Male,58,Customer055
766,2022-11-25 14:23:31,767,B,6,30,Male,40,Customer086
767,2022-05-31 09:08:27,768,C,6,50,Male,44,Customer085
768,2022-09-27 06:07:56,769,A,1,50,Male,15,Customer026
769,2022-12-12 05:04:40,770,C,3,50,Male,14,Customer085
770,2022-06-18 16:10:58,771,A,6,30,Female,31,Customer025
771,2022-09-23 21:48:59,772,C,3,100,Male,58,Customer065
772,2022-06-16 03:59:04,773,B,6,30,Female,32,Customer006
773,2022-12-05 16:58:46,774,C,6,50,Male,34,Customer023
774,2022-07-02 17:30:03,775,B,6,50,Female,43,Customer064
775,2022-08-25 02:19:57,776,C,3,30,Male,35,Customer087
776,2022-09-01 07:50:54,777,B,6,30,Male,56,Customer043
777,2022-09-21 04:45:51,778,A,6,50,Female,14,Customer023
778,2022-10-24 04:42:27,779,A,3,50,Male,35,Customer096
779,2022-06-05 08:44:02,780,B,3,50,Male,29,Customer030
780,2022-02-11 15:57:45,781,C,6,30,Male,15,Customer077
781,2022-12-06 21:06:54,782,B,3,50,Female,15,Customer018
782,2022-09-14 11:25:03,783,C,3,50,Male,59,Customer087
783,2022-06-05 17:50:44,784,A,3,100,Female,27,Customer079
784,2022-10-14 15:52:36,785,C,6,30,Male,13,Customer097
785,2022-07-26 05:04:34,786,A,6,100,Male,26,Customer021
786,2022-02-13 16:00:11,787,B,6,100,Female,23,Customer057
787,2022-01-27 19:42:16,788,A,3,50,Male,23,Customer023
788,2022-12-06 10:10:59,789,A,3,30,Male,22,Customer091
789,2022-02-01 23:40:42,790,B,6,50,Female,16,Customer045
790,2022-03-31 00:01:24,791,B,6,30,Male,53,Customer044
791,2022-04-29 00:54:59,792,A,3,100,Female,24,Customer082
792,2022-02-13 20:19:00,793,B,6,30,Female,28,Customer088
793,2022-05-06 02:21:10,794,B,6,50,Female,52,Customer047
794,2022-01-03 06:56:15,795,B,6,50,Male,56,Customer040
795,2022-01-28 14:54:48,796,A,6,50,Female,53,Customer051
796,2022-07-23 07:05:10,797,B,6,30,Female,44,Customer042
797,2022-09-19 21:41:00,798,B,3,100,Male,26,Customer007
798,2022-03-03 17:17:40,799,B,6,100,Female,44,Customer050
799,2022-04-21 23:50:01,800,A,6,30,Male,28,Customer048
800,2022-10-01 07:37:29,801,C,3,50,Male,29,Customer084
801,2022-05-23 17:32:22,802,B,6,100,Male,45,Customer091
802,2022-07-06 02:27:25,803,A,6,50,Male,44,Customer006
803,2022-05-12 22:12:46,804,B,6,30,Female,41,Customer091
804,2022-02-28 20:09:29,805,B,6,50,Female,57,Customer009
805,2022-07-20 08:34:12,806,B,6,100,Female,53,Customer057
806,2022-05-13 06:09:38,807,B,6,100,Female,49,Customer031
807,2022-09-01 04:00:22,808,A,3,50,Female,33,Customer021
808,2022-12-07 16:16:28,809,A,6,30,Male,26,Customer090
809,2022-12-23 04:11:22,810,A,3,50,Female,16,Customer040
810,2022-05-15 12:57:46,811,C,3,30,Female,52,Customer045
811,2022-04-28 15:33:31,812,A,6,50,Female,59,Customer077
812,2022-01-27 08:19:20,813,B,6,100,Male,10,Customer049
813,2022-07-03 20:02:17,814,B,6,30,Male,44,Customer087
814,2022-02-21 00:30:49,815,A,6,30,Female,41,Customer020
815,2022-02-21 05:30:19,816,C,6,30,Male,45,Customer092
816,2022-05-07 10:13:57,817,B,6,100,Female,22,Customer017
817,2022-10-25 08:34:14,818,B,1,50,Female,15,Customer028
818,2022-07-29 14:26:53,819,B,6,100,Male,23,Customer041
819,2022-10-09 04:37:32,820,B,6,30,Male,46,Customer066
820,2022-07-10 05:05:43,821,B,6,50,Female,57,Customer025
821,2022-05-02 19:34:01,822,C,1,100,Female,24,Customer058
822,2022-10-27 14:00:40,823,C,3,30,Male,56,Customer041
823,2022-03-18 22:18:25,824,B,3,30,Female,13,Customer006
824,2022-03-05 05:26:50,825,A,3,100,Male,49,Customer075
825,2022-06-04 23:00:09,826,A,3,100,Female,25,Customer038
826,2022-10-25 06:12:17,827,B,6,100,Male,37,Customer006
827,2022-06-10 06:07:00,828,B,6,30,Female,25,Customer045
828,2022-10-02 02:04:12,829,C,1,100,Female,13,Customer075
829,2022-11-30 16:34:44,830,A,3,30,Male,54,Customer014
830,2022-11-28 08:19:49,831,C,1,100,Female,35,Customer066
831,2022-04-23 13:44:50,832,A,1,30,Female,37,Customer040
832,2022-06-08 02:23:03,833,A,3,30,Male,41,Customer003
833,2022-12-19 02:41:51,834,B,3,50,Female,54,Customer099
834,2022-07-07 02:03:24,835,A,6,100,Female,11,Customer097
835,2022-06-21 17:32:48,836,B,6,100,Female,40,Customer024
836,2022-09-24 10:41:25,837,C,3,30,Male,12,Customer019
837,2022-01-15 21:24:03,838,C,6,30,Male,17,Customer018
838,2022-04-25 20:09:52,839,B,6,30,Male,33,Customer064
839,2022-04-07 05:49:50,840,A,3,50,Female,24,Customer088
840,2022-03-13 18:24:06,841,C,3,50,Female,52,Customer035
841,2022-03-22 19:58:16,842,A,6,30,Female,40,Customer062
842,2022-10-23 20:06:04,843,B,1,100,Female,18,Customer001
843,2022-06-17 22:19:47,844,A,6,100,Male,48,Customer100
844,2022-11-18 12:54:59,845,B,6,50,Female,54,Customer025
845,2022-03-04 14:44:21,846,B,3,50,Female,11,Customer045
846,2022-09-09 08:16:59,847,A,3,30,Female,17,Customer049
847,2022-09-25 05:29:02,848,B,6,100,Male,16,Customer098
848,2022-09-11 17:53:22,849,C,3,30,Female,53,Customer089
849,2022-07-04 09:30:36,850,B,3,50,Female,60,Customer016
850,2022-05-29 12:19:55,851,B,6,100,Female,48,Customer098
851,2022-07-04 18:15:17,852,B,6,100,Female,51,Customer093
852,2022-04-08 09:36:38,853,A,3,50,Female,25,Customer019
853,2022-04-27 16:05:46,854,B,6,30,Male,44,Customer023
854,2022-11-21 22:31:37,855,A,3,30,Female,39,Customer083
855,2022-01-06 04:32:25,856,A,6,100,Female,19,Customer025
856,2022-04-16 18:14:42,857,A,6,50,Female,47,Customer016
857,2022-04-01 14:18:14,858,A,6,100,Female,27,Customer054
858,2022-08-25 20:05:17,859,B,6,50,Female,59,Customer073
859,2022-01-22 18:04:50,860,A,6,30,Female,14,Customer001
860,2022-07-03 01:00:28,861,A,3,50,Female,38,Customer042
861,2022-06-26 00:45:00,862,B,6,30,Female,48,Customer019
862,2022-12-03 06:28:01,863,A,3,50,Female,43,Customer097
863,2022-02-27 16:34:05,864,B,3,100,Female,52,Customer034
864,2022-03-22 07:41:45,865,C,3,30,Male,54,Customer080
865,2022-11-25 00:45:07,866,C,6,100,Male,32,Customer055
866,2022-03-23 01:09:47,867,C,6,100,Male,14,Customer018
867,2022-03-20 00:54:31,868,A,3,30,Male,39,Customer034
868,2022-01-17 20:08:28,869,A,1,30,Female,15,Customer089
869,2022-05-04 04:11:42,870,C,6,100,Male,55,Customer045
870,2022-02-08 09:59:04,871,B,6,100,Male,53,Customer006
871,2022-04-11 14:54:30,872,A,3,100,Female,13,Customer021
872,2022-07-11 18:01:36,873,B,6,100,Male,38,Customer070
873,2022-03-09 04:54:26,874,A,6,30,Male,32,Customer096
874,2022-09-18 16:03:24,875,A,6,30,Female,15,Customer048
875,2022-06-05 15:59:23,876,C,3,100,Female,41,Customer039
876,2022-03-03 09:28:29,877,A,6,50,Female,51,Customer031
877,2022-03-30 18:03:36,878,A,6,50,Male,27,Customer010
878,2022-02-27 06:51:39,879,A,6,30,Male,24,Customer030
879,2022-08-10 19:28:48,880,A,6,100,Female,49,Customer018
880,2022-08-25 22:26:32,881,B,6,100,Female,41,Customer060
881,2022-03-12 04:08:23,882,A,3,30,Male,18,Customer088
882,2022-09-03 04:50:40,883,C,6,50,Female,46,Customer073
883,2022-08-29 21:18:29,884,B,6,50,Male,19,Customer095
884,2022-11-27 11:45:56,885,A,3,50,Female,29,Customer015
885,2022-04-24 14:09:09,886,B,6,30,Female,15,Customer004
886,2022-09-18 04:42:33,887,A,3,50,Male,57,Customer063
887,2022-08-04 20:10:19,888,A,3,30,Female,12,Customer040
888,2022-03-08 12:29:32,889,B,6,30,Female,51,Customer009
889,2022-02-26 02:44:47,890,B,6,100,Female,20,Customer009
890,2022-03-07 11:53:16,891,B,6,50,Male,52,Customer026
891,2022-07-23 16:24:28,892,A,3,30,Female,26,Customer004
892,2022-04-29 00:09:18,893,B,6,50,Female,41,Customer081
893,2022-01-26 18:08:20,894,B,3,50,Female,13,Customer016
894,2022-08-04 15:46:23,895,A,3,100,Female,13,Customer015
895,2022-07-31 22:40:53,896,A,6,50,Female,26,Customer099
896,2022-05-18 14:44:36,897,A,6,100,Female,50,Customer052
897,2022-02-08 15:20:42,898,A,6,30,Male,28,Customer069
898,2022-09-09 04:43:39,899,A,3,50,Male,14,Customer005
899,2022-06-23 04:39:00,900,B,6,30,Female,41,Customer020
900,2022-05-29 15:24:19,901,A,6,50,Male,31,Customer079
901,2022-12-13 22:36:18,902,B,6,30,Male,15,Customer018
902,2022-01-05 21:39:30,903,C,6,50,Female,44,Customer002
903,2022-01-28 11:12:19,904,A,1,50,Male,31,Customer093
904,2022-09-12 14:50:32,905,C,3,50,Male,10,Customer013
905,2022-04-18 00:32:46,906,A,6,50,Male,29,Customer004
906,2022-08-07 15:46:48,907,A,3,50,Male,31,Customer042
907,2022-10-19 21:05:52,908,B,3,50,Male,57,Customer074
908,2022-01-22 16:23:41,909,B,6,50,Male,20,Customer061
909,2022-09-27 23:58:06,910,C,6,50,Male,22,Customer095
910,2022-03-12 09:25:50,911,A,6,50,Male,51,Customer008
911,2022-07-01 03:18:24,912,C,6,30,Female,12,Customer067
912,2022-05-08 03:54:28,913,C,6,100,Female,18,Customer063
913,2022-03-22 03:51:17,914,C,3,50,Male,21,Customer009
914,2022-11-04 16:08:21,915,B,3,100,Male,32,Customer094
915,2022-03-11 01:31:46,916,A,3,50,Female,23,Customer011
916,2022-05-16 05:41:35,917,C,3,50,Male,42,Customer099
917,2022-05-16 11:53:58,918,B,6,30,Male,27,Customer042
918,2022-11-14 08:15:52,919,B,3,30,Female,58,Customer013
919,2022-03-01 05:55:22,920,B,6,100,Female,50,Customer036
920,2022-10-05 06:06:01,921,B,3,30,Female,18,Customer013
921,2022-09-11 11:19:59,922,C,3,30,Male,32,Customer012
922,2022-06-07 21:35:11,923,C,6,100,Male,19,Customer037
923,2022-07-13 17:03:33,924,B,3,30,Female,28,Customer074
924,2022-05-06 20:30:03,925,B,3,50,Female,56,Customer073
925,2022-09-16 04:09:59,926,C,3,100,Male,14,Customer052
926,2022-05-27 09:38:35,927,B,3,100,Female,56,Customer071
927,2022-07-16 00:59:51,928,A,6,50,Male,32,Customer002
928,2022-10-07 05:49:45,929,B,3,30,Male,39,Customer056
929,2022-01-31 21:04:27,930,C,3,100,Female,34,Customer060
930,2022-11-06 08:45:23,931,A,6,100,Female,37,Customer023
931,2022-05-18 05:53:29,932,B,3,50,Male,43,Customer040
932,2022-09-29 05:07:19,933,C,6,50,Female,54,Customer064
933,2022-03-30 23:14:01,934,A,6,30,Female,57,Customer085
934,2022-05-21 19:00:11,935,B,6,100,Female,56,Customer023
935,2022-10-02 22:52:33,936,B,6,30,Female,34,Customer029
936,2022-01-16 13:20:27,937,C,3,30,Male,19,Customer078
937,2022-02-18 05:21:40,938,A,6,50,Male,23,Customer090
938,2022-10-08 14:31:04,939,B,3,100,Male,51,Customer051
939,2022-04-17 05:57:55,940,C,6,100,Male,55,Customer069
940,2022-04-02 06:07:59,941,A,3,100,Female,39,Customer095
941,2022-01-06 18:12:42,942,B,6,50,Female,50,Customer089
942,2022-05-22 15:15:01,943,A,6,50,Male,34,Customer031
943,2022-02-22 23:43:58,944,B,1,50,Male,23,Customer050
944,2022-08-29 21:56:32,945,B,3,50,Female,44,Customer020
945,2022-11-11 11:13:12,946,B,6,50,Male,57,Customer055
946,2022-08-29 14:28:48,947,A,6,100,Male,43,Customer081
947,2022-09-04 09:35:48,948,B,3,30,Female,19,Customer002
948,2022-03-06 09:01:07,949,A,6,100,Male,44,Customer025
949,2022-03-02 14:46:36,950,C,6,30,Female,20,Customer013
950,2022-09-08 17:20:27,951,B,6,50,Female,20,Customer092
951,2022-09-23 02:05:35,952,A,3,30,Male,30,Customer070
952,2022-11-13 12:03:40,953,A,6,100,Female,30,Customer067
953,2022-01-19 12:33:16,954,A,3,100,Male,31,Customer058
954,2022-08-21 12:06:05,955,A,6,30,Female,54,Customer099
955,2022-10-20 16:30:26,956,C,6,50,Male,16,Customer082
956,2022-04-21 14:13:16,957,A,3,50,Male,26,Customer075
957,2022-05-31 17:06:13,958,C,6,100,Male,11,Customer084
958,2022-08-12 01:41:37,959,A,3,30,Female,21,Customer064
959,2022-05-09 01:57:06,960,C,6,50,Female,51,Customer069
960,2022-12-13 10:57:03,961,B,6,50,Male,27,Customer083
961,2022-06-01 00:01:08,962,B,6,100,Female,20,Customer086
962,2022-07-20 20:08:14,963,B,3,50,Male,25,Customer059
963,2022-09-12 05:18:16,964,B,6,30,Male,58,Customer060
964,2022-07-27 19:34:25,965,B,3,100,Female,60,Customer083
965,2022-08-18 19:56:57,966,A,1,100,Male,27,Customer062
966,2022-06-01 04:01:59,967,A,6,30,Female,44,Customer016
967,2022-03-24 14:13:49,968,A,3,100,Male,35,Customer088
968,2022-11-29 12:09:21,969,A,3,50,Female,25,Customer068
969,2022-08-23 06:40:58,970,A,6,50,Male,15,Customer015
970,2022-11-03 00:35:56,971,C,3,30,Male,53,Customer089
971,2022-02-08 08:44:52,972,C,3,50,Female,52,Customer055
972,2022-05-26 15:00:06,973,A,6,30,Male,56,Customer035
973,2022-09-06 19:20:23,974,A,3,30,Male,56,Customer055
974,2022-03-14 17:51:28,975,B,6,50,Female,57,Customer014
975,2022-07-27 00:46:45,976,C,6,30,Male,51,Customer049
976,2022-10-19 14:12:16,977,C,6,50,Female,21,Customer083
977,2022-07-09 06:37:05,978,A,6,100,Male,22,Customer100
978,2022-05-25 05:10:55,979,B,3,100,Female,13,Customer007
979,2022-02-15 06:55:42,980,A,3,30,Male,48,Customer030
980,2022-04-09 09:30:24,981,C,6,50,Male,11,Customer083
981,2022-03-28 10:40:10,982,A,6,50,Male,35,Customer049
982,2022-01-19 22:12:36,983,A,6,100,Female,36,Customer089
983,2022-10-20 20:04:14,984,B,3,100,Female,36,Customer016
984,2022-04-28 12:53:44,985,C,3,50,Female,24,Customer051
985,2022-02-27 21:10:45,986,B,3,30,Female,17,Customer072
986,2022-02-21 15:50:18,987,C,6,100,Male,16,Customer082
987,2022-11-04 06:43:38,988,B,6,30,Male,56,Customer092
988,2022-11-24 03:59:44,989,C,6,30,Female,55,Customer080
989,2022-04-29 20:49:16,990,B,6,100,Female,49,Customer083
990,2022-02-20 07:09:20,991,C,3,30,Female,21,Customer042
991,2022-10-04 23:29:44,992,B,6,30,Male,22,Customer017
992,2022-02-07 15:08:18,993,B,6,50,Female,52,Customer063
993,2022-02-21 16:19:10,994,A,6,30,Female,26,Customer045
994,2022-10-19 06:37:08,995,A,6,50,Male,26,Customer077
995,2022-03-25 21:51:43,996,B,6,100,Male,45,Customer007
996,2022-09-08 20:46:46,997,A,6,100,Female,30,Customer027
997,2022-09-23 19:39:49,998,A,3,50,Male,17,Customer010
998,2022-07-29 11:58:19,999,B,1,100,Female,14,Customer034
999,2022-01-20 22:25:20,1000,A,6,30,Male,35,Customer036
